Company,Year,Total Revenue,Net Income,Total Assets,Total Liabilities,Cash Flow Operating Activities,Revenue Growth (%),Net Income Growth (%),ROE (%),ROA (%),Net Income Variance
Microsoft,2022,198270000000.0,72738000000.0,364840000000.0,198298000000.0,89035000000.0,,,43.675469,19.936959,16297000000.0
Microsoft,2023,211915000000.0,72361000000.0,411976000000.0,205753000000.0,87582000000.0,6.88203,-0.518299,35.088715,17.564373,15221000000.0
Microsoft,2024,245122000000.0,88136000000.0,512163000000.0,243686000000.0,118548000000.0,15.669962,21.800417,32.82813,17.208584,30412000000.0
Tesla,2021,53823000000.0,5644000000.0,62131000000.0,30548000000.0,11497000000.0,,,17.870373,9.084032,5853000000.0
Tesla,2022,81462000000.0,12587000000.0,82338000000.0,36440000000.0,14724000000.0,51.351653,123.015592,27.423853,15.286988,2137000000.0
Tesla,2023,69773000000.0,14974000000.0,106618000000.0,43009000000.0,13256000000.0,18.795267,18.96401,23.540694,14.044533,-1718000000.0
Apple,2021,385170000000.0,94680000000.0,351002000000.0,287912000000.0,104038000000.0,,,150.071327,26.974205,9358000000.0
Apple,2023,383285000000.0,96995000000.0,352583000000.0,290437000000.0,110543000000.0,-2.800461,-2.813543,156.076015,27.509835,13548000000.0
